Sample_Size,DFT_Time (ms),FFT_Time (ms),Speedup
256,0.979023,0.157524,6.21507
512,4.48813,0.42113,10.6573
1024,20.593,0.876544,23.4934
2048,70.9571,1.53849,46.1213
4096,272.054,3.50209,77.6832
8192,1418.9,7.24712,195.788
