Sample_Size,DFT_Time (ms),FFT_Time (ms),Speedup
256,1.02808,0.141288,7.27645
512,4.02829,0.359704,11.1989
1024,16.8732,0.709158,23.7932
2048,95.1382,1.80759,52.6327
4096,431.68,6.23657,69.2176
8192,1395.97,7.83856,178.09
