Sample_Size,DFT_Time (ms),FFT_Time (ms),Speedup
256,1.06949,0.152194,7.02713
512,5.00512,0.385421,12.9861
1024,17.7049,0.736374,24.0434
2048,66.6535,1.52187,43.7971
4096,260.825,3.02602,86.1942
8192,1055.45,7.77821,135.694
