Frequency (Hz),Magnitude
50,0.985337
120,0.49745
200,0.308697
