Frequency (Hz),Magnitude
50,0.97948
120,0.50042
200,0.29434
