Frequency (Hz),Magnitude
50,0.984009
120,0.495168
200,0.291894
