Frequency (Hz),Magnitude
50,0.974703
120,0.53842
200,0.303452
