Frequency (Hz),Magnitude
50,1.01274
120,0.501034
200,0.298307
