Frequency (Hz),Magnitude
50,1.00425
120,0.505991
200,0.295589
